t,S_mean,E_mean,I_mean,R_mean
0,19980.0,0.0,20.0,0.0
1,19964.666666666668,15.333333333333334,16.333333333333332,3.6666666666666665
2,19948.333333333332,26.666666666666668,18.333333333333332,6.666666666666667
3,19933.0,35.333333333333336,22.666666666666668,9.0
4,19916.0,42.333333333333336,30.0,11.666666666666666
5,19888.333333333332,58.333333333333336,39.0,14.333333333333334
6,19851.666666666668,74.0,53.333333333333336,21.0
7,19798.666666666668,106.0,69.33333333333333,26.0
8,19738.333333333332,139.33333333333334,86.33333333333333,36.0
9,19659.333333333332,184.66666666666666,110.0,46.0
10,19557.666666666668,237.66666666666666,142.66666666666666,62.0
11,19430.666666666668,296.6666666666667,191.66666666666666,81.0
12,19262.0,382.6666666666667,244.0,111.33333333333333
13,19050.0,485.0,317.3333333333333,147.66666666666666
14,18769.333333333332,618.6666666666666,428.0,184.0
15,18406.333333333332,810.6666666666666,544.0,239.0
16,17983.333333333332,1001.0,712.3333333333334,303.3333333333333
17,17440.333333333332,1276.6666666666667,887.6666666666666,395.3333333333333
18,16752.333333333332,1600.6666666666667,1135.3333333333333,511.6666666666667
19,15922.0,1981.3333333333333,1435.3333333333333,661.3333333333334
20,14941.666666666666,2400.3333333333335,1800.3333333333333,857.6666666666666
21,13795.666666666666,2870.0,2240.0,1094.3333333333333
22,12517.333333333334,3352.0,2743.6666666666665,1387.0
23,11140.666666666666,3774.3333333333335,3337.6666666666665,1747.3333333333333
24,9662.333333333334,4212.666666666667,3923.0,2202.0
25,8144.666666666667,4544.666666666667,4606.0,2704.6666666666665
26,6716.0,4665.333333333333,5319.333333333333,3299.3333333333335
27,5377.666666666667,4670.333333333333,5957.333333333333,3994.6666666666665
28,4226.0,4507.666666666667,6496.0,4770.333333333333
29,3264.3333333333335,4194.333333333333,6911.666666666667,5629.666666666667
30,2479.0,3797.6666666666665,7181.0,6542.333333333333
31,1873.3333333333333,3292.6666666666665,7350.333333333333,7483.666666666667
32,1432.6666666666667,2831.6666666666665,7312.0,8423.666666666666
33,1108.0,2387.6666666666665,7116.0,9388.333333333334
34,868.0,1976.0,6829.666666666667,10326.333333333334
35,694.3333333333334,1603.6666666666667,6488.666666666667,11213.333333333334
36,587.3333333333334,1283.3333333333333,6067.666666666667,12061.666666666666
37,493.6666666666667,1042.0,5615.0,12849.333333333334
38,448.0,823.0,5166.0,13563.0
39,418.0,660.0,4706.0,14216.0
40,387.3333333333333,549.3333333333334,4238.0,14825.333333333334
41,383.0,443.0,3819.3333333333335,15354.666666666666
42,383.6666666666667,354.6666666666667,3425.6666666666665,15836.0
43,398.0,298.6666666666667,3062.0,16241.333333333334
44,411.6666666666667,263.0,2735.3333333333335,16590.0
45,420.0,226.33333333333334,2434.3333333333335,16919.333333333332
46,440.6666666666667,191.33333333333334,2159.6666666666665,17208.333333333332
47,472.3333333333333,160.33333333333334,1923.6666666666667,17443.666666666668
48,506.3333333333333,148.0,1708.6666666666667,17637.0
49,538.3333333333334,129.66666666666666,1521.0,17811.0
50,579.0,113.33333333333333,1356.6666666666667,17951.0
51,621.6666666666666,102.66666666666667,1209.6666666666667,18066.0
52,657.0,98.0,1068.6666666666667,18176.333333333332
53,696.0,90.66666666666667,950.0,18263.333333333332
54,732.3333333333334,80.66666666666667,846.3333333333334,18340.666666666668
55,776.0,77.33333333333333,743.3333333333334,18403.333333333332
56,815.6666666666666,76.0,659.3333333333334,18449.0
57,858.3333333333334,74.33333333333333,585.6666666666666,18481.666666666668
58,901.6666666666666,74.0,518.3333333333334,18506.0
59,950.6666666666666,65.66666666666667,465.6666666666667,18518.0
60,1006.3333333333334,60.666666666666664,418.6666666666667,18514.333333333332
61,1053.3333333333333,60.333333333333336,370.3333333333333,18516.0
62,1098.6666666666667,57.0,336.0,18508.333333333332
63,1148.3333333333333,56.666666666666664,302.3333333333333,18492.666666666668
64,1206.6666666666667,49.666666666666664,272.0,18471.666666666668
65,1264.6666666666667,49.0,246.0,18440.333333333332
66,1322.3333333333333,49.666666666666664,213.0,18415.0
67,1369.6666666666667,45.666666666666664,200.33333333333334,18384.333333333332
68,1416.3333333333333,47.0,183.66666666666666,18353.0
69,1468.3333333333333,46.333333333333336,171.66666666666666,18313.666666666668
70,1518.3333333333333,38.0,165.0,18278.666666666668
71,1573.3333333333333,38.0,151.0,18237.666666666668
72,1624.0,34.333333333333336,143.33333333333334,18198.333333333332
73,1681.6666666666667,35.333333333333336,132.33333333333334,18150.666666666668
74,1744.3333333333333,33.0,126.66666666666667,18096.0
75,1797.3333333333333,31.333333333333332,118.0,18053.333333333332
76,1851.6666666666667,29.666666666666668,106.33333333333333,18012.333333333332
77,1901.6666666666667,31.333333333333332,98.33333333333333,17968.666666666668
78,1953.3333333333333,28.333333333333332,92.0,17926.333333333332
79,2007.6666666666667,27.0,87.33333333333333,17878.0
80,2062.3333333333335,26.666666666666668,80.33333333333333,17830.666666666668
81,2115.6666666666665,19.0,77.33333333333333,17788.0
82,2167.6666666666665,17.333333333333332,75.66666666666667,17739.333333333332
83,2212.3333333333335,21.333333333333332,67.0,17699.333333333332
84,2270.6666666666665,21.0,65.66666666666667,17642.666666666668
85,2320.3333333333335,23.333333333333332,60.666666666666664,17595.666666666668
86,2366.0,19.666666666666668,57.666666666666664,17556.666666666668
87,2420.0,18.666666666666668,54.333333333333336,17507.0
88,2473.6666666666665,18.666666666666668,50.666666666666664,17457.0
89,2528.3333333333335,18.666666666666668,46.666666666666664,17406.333333333332
90,2573.6666666666665,17.333333333333332,45.0,17364.0
91,2628.0,19.0,39.666666666666664,17313.333333333332
92,2684.0,19.666666666666668,39.0,17257.333333333332
93,2733.0,20.0,38.0,17209.0
94,2781.3333333333335,18.333333333333332,35.666666666666664,17164.666666666668
95,2825.6666666666665,16.0,36.666666666666664,17121.666666666668
96,2868.3333333333335,17.0,33.666666666666664,17081.0
97,2924.0,15.0,33.666666666666664,17027.333333333332
98,2964.6666666666665,11.333333333333334,35.333333333333336,16988.666666666668
99,3009.6666666666665,10.666666666666666,29.333333333333332,16950.333333333332
100,3056.0,10.333333333333334,28.333333333333332,16905.333333333332
101,3099.3333333333335,12.0,26.0,16862.666666666668
102,3150.6666666666665,11.333333333333334,23.333333333333332,16814.666666666668
103,3195.6666666666665,11.0,25.333333333333332,16768.0
104,3239.0,11.0,22.666666666666668,16727.333333333332
105,3287.0,12.0,23.666666666666668,16677.333333333332
106,3337.6666666666665,10.666666666666666,23.0,16628.666666666668
107,3389.0,11.0,21.333333333333332,16578.666666666668
108,3439.6666666666665,10.0,21.0,16529.333333333332
109,3481.3333333333335,11.666666666666666,19.0,16488.0
110,3536.3333333333335,12.0,18.666666666666668,16433.0
111,3581.0,11.333333333333334,20.0,16387.666666666668
112,3628.0,10.0,21.666666666666668,16340.333333333334
113,3675.6666666666665,11.333333333333334,22.0,16291.0
114,3714.0,11.333333333333334,23.333333333333332,16251.333333333334
115,3759.0,10.666666666666666,23.666666666666668,16206.666666666666
116,3807.0,9.666666666666666,22.0,16161.333333333334
117,3853.6666666666665,10.0,23.666666666666668,16112.666666666666
118,3901.6666666666665,10.0,21.666666666666668,16066.666666666666
119,3942.6666666666665,10.0,20.333333333333332,16027.0
120,3988.3333333333335,10.666666666666666,21.333333333333332,15979.666666666666
121,4039.6666666666665,13.0,20.666666666666668,15926.666666666666
122,4081.6666666666665,13.333333333333334,22.0,15883.0
123,4127.666666666667,15.666666666666666,21.0,15835.666666666666
124,4174.666666666667,13.333333333333334,23.666666666666668,15788.333333333334
125,4213.0,14.333333333333334,24.666666666666668,15748.0
126,4254.0,14.0,27.0,15705.0
127,4294.333333333333,15.0,26.0,15664.666666666666
128,4335.333333333333,17.0,25.0,15622.666666666666
129,4373.666666666667,18.0,27.0,15581.333333333334
130,4413.333333333333,17.333333333333332,28.0,15541.333333333334
131,4449.666666666667,18.333333333333332,28.666666666666668,15503.333333333334
132,4489.333333333333,18.666666666666668,27.666666666666668,15464.333333333334
133,4526.0,20.333333333333332,29.333333333333332,15424.333333333334
134,4565.333333333333,23.333333333333332,32.666666666666664,15378.666666666666
135,4604.333333333333,21.666666666666668,35.666666666666664,15338.333333333334
136,4637.0,22.333333333333332,40.333333333333336,15300.333333333334
137,4679.666666666667,22.0,42.0,15256.333333333334
138,4715.0,23.333333333333332,42.333333333333336,15219.333333333334
139,4756.333333333333,24.333333333333332,41.0,15178.333333333334
140,4790.0,25.0,45.0,15140.0
141,4827.333333333333,23.333333333333332,44.666666666666664,15104.666666666666
142,4862.0,20.333333333333332,46.666666666666664,15071.0
143,4899.333333333333,29.0,48.666666666666664,15023.0
144,4927.666666666667,28.0,50.666666666666664,14993.666666666666
145,4954.666666666667,34.666666666666664,50.0,14960.666666666666
146,4988.333333333333,37.0,50.333333333333336,14924.333333333334
147,5014.0,40.0,56.333333333333336,14889.666666666666
148,5040.0,37.666666666666664,62.333333333333336,14860.0
149,5076.0,36.0,62.0,14826.0
150,5106.333333333333,38.666666666666664,64.0,14791.0
151,5136.0,42.333333333333336,65.66666666666667,14756.0
152,5164.333333333333,42.0,72.66666666666667,14721.0
153,5199.666666666667,39.0,75.33333333333333,14686.0
154,5225.666666666667,41.666666666666664,73.0,14659.666666666666
155,5252.666666666667,40.0,72.33333333333333,14635.0
156,5282.666666666667,36.0,78.0,14603.333333333334
157,5315.666666666667,41.333333333333336,78.0,14565.0
158,5337.0,47.0,72.66666666666667,14543.333333333334
159,5372.333333333333,44.0,78.33333333333333,14505.333333333334
160,5399.333333333333,49.666666666666664,76.0,14475.0
161,5430.666666666667,51.666666666666664,78.33333333333333,14439.333333333334
162,5461.0,50.333333333333336,81.0,14407.666666666666
163,5488.0,48.0,85.66666666666667,14378.333333333334
164,5509.0,50.0,85.33333333333333,14355.666666666666
165,5531.666666666667,59.666666666666664,86.33333333333333,14322.333333333334
166,5561.666666666667,58.333333333333336,88.0,14292.0
167,5586.333333333333,61.666666666666664,91.33333333333333,14260.666666666666
168,5609.333333333333,62.333333333333336,96.66666666666667,14231.666666666666
169,5627.333333333333,69.66666666666667,102.33333333333333,14200.666666666666
170,5648.0,69.66666666666667,109.33333333333333,14173.0
171,5655.333333333333,79.0,114.66666666666667,14151.0
172,5676.666666666667,83.0,119.0,14121.333333333334
173,5700.666666666667,86.0,122.33333333333333,14091.0
174,5701.666666666667,92.66666666666667,135.33333333333334,14070.333333333334
175,5715.666666666667,96.66666666666667,148.33333333333334,14039.333333333334
176,5730.0,107.33333333333333,157.0,14005.666666666666
177,5732.666666666667,110.66666666666667,171.0,13985.666666666666
178,5742.333333333333,113.66666666666667,176.0,13968.0
179,5746.0,117.33333333333333,184.33333333333334,13952.333333333334
180,5748.0,129.33333333333334,190.66666666666666,13932.0
181,5747.666666666667,133.66666666666666,203.33333333333334,13915.333333333334
182,5749.0,134.33333333333334,219.33333333333334,13897.333333333334
183,5747.666666666667,135.66666666666666,228.0,13888.666666666666
184,5737.333333333333,148.0,241.33333333333334,13873.333333333334
185,5727.333333333333,164.33333333333334,250.0,13858.333333333334
186,5724.0,170.0,264.6666666666667,13841.333333333334
187,5706.333333333333,179.0,277.0,13837.666666666666
188,5679.333333333333,194.33333333333334,285.3333333333333,13841.0
189,5666.0,195.33333333333334,305.0,13833.666666666666
190,5641.0,207.0,321.3333333333333,13830.666666666666
191,5614.0,203.33333333333334,338.3333333333333,13844.333333333334
192,5587.333333333333,218.0,350.3333333333333,13844.333333333334
193,5555.333333333333,231.0,364.3333333333333,13849.333333333334
194,5520.333333333333,235.66666666666666,382.0,13862.0
195,5486.333333333333,253.0,389.6666666666667,13871.0
196,5451.333333333333,259.0,410.6666666666667,13879.0
197,5413.666666666667,267.3333333333333,421.3333333333333,13897.666666666666
198,5372.0,275.3333333333333,442.0,13910.666666666666
199,5332.666666666667,284.6666666666667,450.0,13932.666666666666
200,5289.666666666667,299.0,464.0,13947.333333333334
201,5244.666666666667,306.0,481.0,13968.333333333334
202,5194.333333333333,309.6666666666667,502.0,13994.0
203,5141.0,321.0,523.0,14015.0
204,5081.0,336.3333333333333,547.3333333333334,14035.333333333334
205,5020.333333333333,350.0,565.0,14064.666666666666
206,4955.666666666667,356.6666666666667,595.3333333333334,14092.333333333334
207,4877.666666666667,371.3333333333333,611.0,14140.0
208,4803.666666666667,382.6666666666667,629.3333333333334,14184.333333333334
209,4734.333333333333,384.3333333333333,658.0,14223.333333333334
210,4668.0,402.6666666666667,673.0,14256.333333333334
211,4591.333333333333,405.3333333333333,711.3333333333334,14292.0
212,4515.0,415.3333333333333,723.3333333333334,14346.333333333334
213,4450.0,419.0,736.3333333333334,14394.666666666666
214,4374.333333333333,427.3333333333333,747.0,14451.333333333334
215,4290.333333333333,433.0,790.0,14486.666666666666
216,4222.333333333333,436.6666666666667,800.3333333333334,14540.666666666666
217,4151.0,443.3333333333333,808.3333333333334,14597.333333333334
218,4089.6666666666665,434.3333333333333,833.6666666666666,14642.333333333334
219,4007.3333333333335,447.0,832.6666666666666,14713.0
220,3955.0,431.3333333333333,850.6666666666666,14763.0
221,3878.3333333333335,432.6666666666667,863.0,14826.0
222,3811.6666666666665,427.3333333333333,888.3333333333334,14872.666666666666
223,3725.3333333333335,450.6666666666667,881.3333333333334,14942.666666666666
224,3653.6666666666665,449.0,901.3333333333334,14996.0
225,3586.6666666666665,451.0,896.0,15066.333333333334
226,3513.3333333333335,453.0,900.6666666666666,15133.0
227,3464.3333333333335,438.3333333333333,914.6666666666666,15182.666666666666
228,3412.6666666666665,434.3333333333333,914.6666666666666,15238.333333333334
229,3368.6666666666665,428.0,912.6666666666666,15290.666666666666
230,3323.3333333333335,411.6666666666667,914.6666666666666,15350.333333333334
231,3256.6666666666665,420.6666666666667,911.3333333333334,15411.333333333334
232,3211.0,419.6666666666667,905.6666666666666,15463.666666666666
233,3170.6666666666665,403.6666666666667,897.3333333333334,15528.333333333334
234,3131.3333333333335,394.0,890.6666666666666,15584.0
235,3074.0,405.0,882.6666666666666,15638.333333333334
236,3035.0,398.0,869.3333333333334,15697.666666666666
237,2998.0,390.6666666666667,865.3333333333334,15746.0
238,2970.0,362.6666666666667,874.0,15793.333333333334
239,2947.0,359.6666666666667,857.6666666666666,15835.666666666666
240,2939.3333333333335,344.0,823.3333333333334,15893.333333333334
241,2926.3333333333335,349.3333333333333,789.3333333333334,15935.0
242,2909.3333333333335,330.0,783.6666666666666,15977.0
243,2891.0,316.3333333333333,774.3333333333334,16018.333333333334
244,2882.3333333333335,309.6666666666667,760.3333333333334,16047.666666666666
245,2871.6666666666665,307.3333333333333,752.0,16069.0
246,2873.0,299.3333333333333,730.3333333333334,16097.333333333334
247,2877.3333333333335,296.0,709.3333333333334,16117.333333333334
248,2876.3333333333335,284.0,701.3333333333334,16138.333333333334
249,2896.3333333333335,281.0,683.6666666666666,16139.0
250,2891.3333333333335,284.3333333333333,659.3333333333334,16165.0
251,2905.0,271.0,645.0,16179.0
252,2909.6666666666665,271.3333333333333,630.6666666666666,16188.333333333334
253,2915.0,266.0,628.0,16191.0
254,2911.3333333333335,266.0,612.6666666666666,16210.0
255,2924.3333333333335,258.6666666666667,606.3333333333334,16210.666666666666
256,2948.0,245.66666666666666,589.3333333333334,16217.0
257,2954.6666666666665,240.0,589.3333333333334,16216.0
258,2979.3333333333335,237.33333333333334,566.6666666666666,16216.666666666666
259,3008.3333333333335,230.66666666666666,546.3333333333334,16214.666666666666
260,3029.6666666666665,224.0,548.3333333333334,16198.0
261,3055.6666666666665,217.0,529.3333333333334,16198.0
262,3080.0,218.0,521.3333333333334,16180.666666666666
263,3105.0,210.33333333333334,519.0,16165.666666666666
264,3142.6666666666665,211.0,507.3333333333333,16139.0
265,3157.6666666666665,210.66666666666666,515.3333333333334,16116.333333333334
266,3171.6666666666665,218.33333333333334,501.3333333333333,16108.666666666666
267,3204.6666666666665,214.33333333333334,485.0,16096.0
268,3243.3333333333335,197.66666666666666,481.0,16078.0
269,3274.3333333333335,194.0,465.3333333333333,16066.333333333334
270,3302.6666666666665,185.33333333333334,472.0,16040.0
271,3339.0,182.0,460.0,16019.0
272,3359.3333333333335,188.0,455.0,15997.666666666666
273,3384.3333333333335,186.66666666666666,451.3333333333333,15977.666666666666
274,3423.3333333333335,189.66666666666666,443.6666666666667,15943.333333333334
275,3443.6666666666665,202.33333333333334,435.0,15919.0
276,3478.0,197.66666666666666,426.6666666666667,15897.666666666666
277,3510.3333333333335,192.33333333333334,425.6666666666667,15871.666666666666
278,3531.3333333333335,195.66666666666666,419.0,15854.0
279,3567.0,187.66666666666666,422.3333333333333,15823.0
280,3593.3333333333335,196.33333333333334,417.3333333333333,15793.0
281,3617.0,194.33333333333334,417.3333333333333,15771.333333333334
282,3648.6666666666665,193.33333333333334,419.0,15739.0
283,3674.6666666666665,204.0,412.6666666666667,15708.666666666666
284,3710.0,201.66666666666666,404.0,15684.333333333334
285,3734.0,205.33333333333334,407.3333333333333,15653.333333333334
286,3748.0,209.0,406.6666666666667,15636.333333333334
287,3772.6666666666665,208.66666666666666,409.3333333333333,15609.333333333334
288,3802.0,200.0,408.0,15590.0
289,3842.0,195.0,400.3333333333333,15562.666666666666
290,3877.0,201.33333333333334,392.0,15529.666666666666
291,3897.0,213.0,392.6666666666667,15497.333333333334
292,3938.0,205.66666666666666,396.6666666666667,15459.666666666666
293,3963.3333333333335,215.0,401.3333333333333,15420.333333333334
294,3991.3333333333335,221.0,407.3333333333333,15380.333333333334
295,4001.3333333333335,228.0,410.6666666666667,15360.0
296,4023.6666666666665,221.33333333333334,426.6666666666667,15328.333333333334
297,4051.0,230.33333333333334,427.6666666666667,15291.0
298,4080.0,223.0,433.0,15264.0
299,4108.0,226.33333333333334,431.0,15234.666666666666
300,4111.333333333333,243.0,433.6666666666667,15212.0
301,4126.0,239.33333333333334,453.3333333333333,15181.333333333334
302,4139.0,251.0,450.6666666666667,15159.333333333334
303,4140.666666666667,258.6666666666667,452.0,15148.666666666666
304,4149.333333333333,266.0,462.0,15122.666666666666
305,4156.333333333333,273.6666666666667,474.3333333333333,15095.666666666666
306,4148.0,281.0,487.0,15084.0
307,4156.333333333333,277.3333333333333,501.0,15065.333333333334
308,4162.666666666667,278.6666666666667,513.3333333333334,15045.333333333334
309,4173.0,281.3333333333333,517.3333333333334,15028.333333333334
310,4185.0,287.6666666666667,512.3333333333334,15015.0
311,4178.333333333333,296.3333333333333,526.3333333333334,14999.0
312,4177.333333333333,290.3333333333333,549.3333333333334,14983.0
313,4164.333333333333,293.0,569.0,14973.666666666666
314,4158.0,305.6666666666667,570.0,14966.333333333334
315,4148.666666666667,313.6666666666667,584.6666666666666,14953.0
316,4138.666666666667,319.3333333333333,596.0,14946.0
317,4136.0,319.6666666666667,608.3333333333334,14936.0
318,4116.0,330.6666666666667,621.6666666666666,14931.666666666666
319,4100.333333333333,349.3333333333333,620.0,14930.333333333334
320,4088.3333333333335,353.0,626.6666666666666,14932.0
321,4079.6666666666665,343.3333333333333,651.0,14926.0
322,4063.3333333333335,352.0,657.6666666666666,14927.0
323,4048.6666666666665,353.6666666666667,665.6666666666666,14932.0
324,4013.6666666666665,362.0,680.0,14944.333333333334
325,4001.0,368.3333333333333,675.3333333333334,14955.333333333334
326,3990.0,363.0,685.0,14962.0
327,3966.3333333333335,368.6666666666667,697.3333333333334,14967.666666666666
328,3945.3333333333335,363.6666666666667,709.3333333333334,14981.666666666666
329,3929.6666666666665,362.6666666666667,723.6666666666666,14984.0
330,3891.6666666666665,377.6666666666667,740.0,14990.666666666666
331,3866.3333333333335,376.0,748.3333333333334,15009.333333333334
332,3848.0,380.6666666666667,747.6666666666666,15023.666666666666
333,3829.3333333333335,376.0,751.0,15043.666666666666
334,3820.3333333333335,374.3333333333333,755.0,15050.333333333334
335,3799.3333333333335,376.0,756.3333333333334,15068.333333333334
336,3772.6666666666665,390.3333333333333,748.6666666666666,15088.333333333334
337,3762.3333333333335,384.3333333333333,761.6666666666666,15091.666666666666
338,3745.6666666666665,367.3333333333333,782.0,15105.0
339,3718.6666666666665,370.3333333333333,785.3333333333334,15125.666666666666
340,3710.0,359.3333333333333,778.0,15152.666666666666
341,3701.6666666666665,363.6666666666667,767.3333333333334,15167.333333333334
342,3698.0,361.0,762.6666666666666,15178.333333333334
343,3684.0,355.6666666666667,767.0,15193.333333333334
344,3676.3333333333335,358.3333333333333,762.3333333333334,15203.0
345,3680.3333333333335,370.6666666666667,742.0,15207.0
346,3672.6666666666665,358.0,754.0,15215.333333333334
347,3662.6666666666665,343.3333333333333,764.6666666666666,15229.333333333334
348,3666.3333333333335,344.6666666666667,764.6666666666666,15224.333333333334
349,3650.0,351.0,759.3333333333334,15239.666666666666
350,3637.6666666666665,370.6666666666667,749.3333333333334,15242.333333333334
351,3626.3333333333335,377.3333333333333,747.3333333333334,15249.0
352,3609.3333333333335,366.6666666666667,755.6666666666666,15268.333333333334
353,3603.0,366.0,747.3333333333334,15283.666666666666
354,3593.6666666666665,367.6666666666667,751.0,15287.666666666666
355,3576.3333333333335,383.0,740.0,15300.666666666666
356,3566.3333333333335,369.6666666666667,752.3333333333334,15311.666666666666
357,3566.3333333333335,359.3333333333333,743.3333333333334,15331.0
358,3550.0,359.6666666666667,752.6666666666666,15337.666666666666
359,3547.3333333333335,360.6666666666667,739.3333333333334,15352.666666666666
360,3530.0,363.6666666666667,744.3333333333334,15362.0
361,3523.0,376.3333333333333,728.3333333333334,15372.333333333334
362,3523.6666666666665,362.3333333333333,742.0,15372.0
363,3519.6666666666665,358.0,751.0,15371.333333333334
364,3519.3333333333335,355.0,742.6666666666666,15383.0
365,3514.6666666666665,356.3333333333333,734.3333333333334,15394.666666666666
366,3509.0,340.6666666666667,733.3333333333334,15417.0
367,3492.3333333333335,354.0,726.0,15427.666666666666
368,3492.6666666666665,364.0,717.0,15426.333333333334
369,3491.6666666666665,362.0,714.0,15432.333333333334
370,3498.0,348.0,728.3333333333334,15425.666666666666
371,3495.3333333333335,353.6666666666667,723.3333333333334,15427.666666666666
372,3495.6666666666665,337.0,743.3333333333334,15424.0
373,3493.0,346.6666666666667,739.6666666666666,15420.666666666666
374,3488.3333333333335,356.0,732.3333333333334,15423.333333333334
375,3496.6666666666665,345.6666666666667,740.0,15417.666666666666
376,3492.3333333333335,346.6666666666667,736.3333333333334,15424.666666666666
377,3483.3333333333335,343.3333333333333,733.0,15440.333333333334
378,3495.0,336.3333333333333,729.0,15439.666666666666
379,3486.6666666666665,331.6666666666667,739.6666666666666,15442.0
380,3479.6666666666665,333.6666666666667,732.0,15454.666666666666
381,3488.3333333333335,335.3333333333333,737.6666666666666,15438.666666666666
382,3475.0,339.6666666666667,736.0,15449.333333333334
383,3480.0,339.3333333333333,727.3333333333334,15453.333333333334
384,3478.6666666666665,331.3333333333333,733.0,15457.0
385,3477.0,340.3333333333333,721.0,15461.666666666666
386,3462.0,339.3333333333333,721.0,15477.666666666666
387,3458.6666666666665,337.0,717.6666666666666,15486.666666666666
388,3446.3333333333335,340.6666666666667,717.3333333333334,15495.666666666666
389,3450.0,344.6666666666667,707.6666666666666,15497.666666666666
390,3444.6666666666665,340.3333333333333,723.3333333333334,15491.666666666666
391,3452.6666666666665,330.3333333333333,719.3333333333334,15497.666666666666
392,3457.0,328.6666666666667,711.0,15503.333333333334
393,3472.0,316.3333333333333,706.6666666666666,15505.0
394,3480.3333333333335,314.0,691.3333333333334,15514.333333333334
395,3487.6666666666665,316.0,681.3333333333334,15515.0
396,3498.6666666666665,309.6666666666667,685.0,15506.666666666666
397,3508.6666666666665,314.6666666666667,672.3333333333334,15504.333333333334
398,3518.3333333333335,313.0,662.6666666666666,15506.0
399,3517.3333333333335,316.6666666666667,654.3333333333334,15511.666666666666
400,3510.3333333333335,316.0,660.6666666666666,15513.0
401,3522.3333333333335,315.3333333333333,659.6666666666666,15502.666666666666
402,3545.3333333333335,304.6666666666667,659.6666666666666,15490.333333333334
403,3555.0,305.6666666666667,649.0,15490.333333333334
404,3551.0,299.6666666666667,650.6666666666666,15498.666666666666
405,3568.0,290.6666666666667,645.3333333333334,15496.0
406,3567.3333333333335,291.6666666666667,641.0,15500.0
407,3585.3333333333335,291.3333333333333,636.3333333333334,15487.0
408,3614.3333333333335,290.3333333333333,631.0,15464.333333333334
409,3619.3333333333335,298.6666666666667,633.6666666666666,15448.333333333334
410,3640.3333333333335,295.6666666666667,636.0,15428.0
411,3648.6666666666665,310.3333333333333,621.0,15420.0
412,3653.0,312.0,627.6666666666666,15407.333333333334
413,3663.0,309.3333333333333,635.0,15392.666666666666
414,3676.0,311.3333333333333,632.0,15380.666666666666
415,3681.6666666666665,310.0,636.3333333333334,15372.0
416,3685.3333333333335,307.0,648.0,15359.666666666666
417,3690.0,319.3333333333333,637.3333333333334,15353.333333333334
418,3696.0,329.3333333333333,642.6666666666666,15332.0
419,3687.6666666666665,334.6666666666667,649.0,15328.666666666666
420,3686.0,326.3333333333333,649.0,15338.666666666666
421,3682.0,331.3333333333333,647.0,15339.666666666666
422,3691.0,318.6666666666667,646.6666666666666,15343.666666666666
423,3700.3333333333335,315.0,650.0,15334.666666666666
424,3689.3333333333335,321.6666666666667,649.3333333333334,15339.666666666666
425,3701.0,326.0,645.3333333333334,15327.666666666666
426,3707.6666666666665,323.0,662.6666666666666,15306.666666666666
427,3699.6666666666665,329.3333333333333,660.3333333333334,15310.666666666666
428,3696.6666666666665,328.0,663.6666666666666,15311.666666666666
429,3695.0,319.3333333333333,664.6666666666666,15321.0
430,3696.0,325.0,669.0,15310.0
431,3691.6666666666665,335.0,664.0,15309.333333333334
432,3696.0,337.3333333333333,655.6666666666666,15311.0
433,3690.0,327.3333333333333,673.0,15309.666666666666
434,3695.3333333333335,323.6666666666667,672.0,15309.0
435,3685.3333333333335,333.6666666666667,669.6666666666666,15311.333333333334
436,3690.0,339.6666666666667,673.6666666666666,15296.666666666666
437,3690.3333333333335,333.6666666666667,679.3333333333334,15296.666666666666
438,3684.6666666666665,339.0,676.3333333333334,15300.0
439,3687.3333333333335,334.3333333333333,680.6666666666666,15297.666666666666
440,3681.0,334.3333333333333,682.3333333333334,15302.333333333334
441,3675.0,350.6666666666667,669.0,15305.333333333334
442,3667.6666666666665,356.0,673.3333333333334,15303.0
443,3668.0,343.6666666666667,678.6666666666666,15309.666666666666
444,3661.0,353.3333333333333,676.0,15309.666666666666
445,3649.3333333333335,349.0,693.0,15308.666666666666
446,3649.3333333333335,351.3333333333333,690.6666666666666,15308.666666666666
447,3628.3333333333335,349.6666666666667,696.6666666666666,15325.333333333334
448,3624.0,353.0,698.0,15325.0
449,3637.0,339.3333333333333,701.3333333333334,15322.333333333334
450,3639.3333333333335,338.3333333333333,691.3333333333334,15331.0
451,3644.6666666666665,327.6666666666667,687.6666666666666,15340.0
452,3638.6666666666665,340.0,670.3333333333334,15351.0
453,3648.6666666666665,333.0,665.3333333333334,15353.0
454,3663.0,330.6666666666667,665.6666666666666,15340.666666666666
455,3668.6666666666665,342.6666666666667,663.6666666666666,15325.0
456,3675.3333333333335,334.3333333333333,673.3333333333334,15317.0
457,3667.0,342.6666666666667,670.0,15320.333333333334
458,3672.0,338.3333333333333,668.0,15321.666666666666
459,3677.6666666666665,323.6666666666667,680.3333333333334,15318.333333333334
460,3670.0,330.3333333333333,664.6666666666666,15335.0
461,3657.3333333333335,342.6666666666667,663.6666666666666,15336.333333333334
462,3667.3333333333335,332.6666666666667,675.0,15325.0
463,3680.3333333333335,325.0,669.3333333333334,15325.333333333334
464,3683.0,322.3333333333333,674.3333333333334,15320.333333333334
465,3673.6666666666665,324.3333333333333,679.3333333333334,15322.666666666666
466,3680.6666666666665,324.6666666666667,670.3333333333334,15324.333333333334
467,3675.3333333333335,323.6666666666667,677.0,15324.0
468,3676.0,322.0,670.0,15332.0
469,3670.6666666666665,322.0,675.3333333333334,15332.0
470,3662.6666666666665,328.6666666666667,678.0,15330.666666666666
471,3653.3333333333335,326.6666666666667,684.6666666666666,15335.333333333334
472,3639.3333333333335,325.6666666666667,686.6666666666666,15348.333333333334
473,3623.6666666666665,335.3333333333333,683.6666666666666,15357.333333333334
474,3614.3333333333335,332.6666666666667,694.6666666666666,15358.333333333334
475,3618.3333333333335,323.0,703.6666666666666,15355.0
476,3610.6666666666665,328.6666666666667,711.3333333333334,15349.333333333334
477,3614.3333333333335,324.0,707.3333333333334,15354.333333333334
478,3600.3333333333335,335.0,705.0,15359.666666666666
479,3582.3333333333335,349.0,704.6666666666666,15364.0
480,3578.6666666666665,341.6666666666667,712.0,15367.666666666666
481,3559.3333333333335,344.3333333333333,720.3333333333334,15376.0
482,3555.3333333333335,340.0,726.0,15378.666666666666
483,3559.3333333333335,326.0,723.3333333333334,15391.333333333334
484,3566.0,328.6666666666667,714.0,15391.333333333334
485,3557.0,334.6666666666667,705.0,15403.333333333334
486,3547.3333333333335,341.0,714.0,15397.666666666666
487,3552.6666666666665,349.3333333333333,698.6666666666666,15399.333333333334
488,3565.3333333333335,347.6666666666667,690.6666666666666,15396.333333333334
489,3565.6666666666665,334.6666666666667,696.0,15403.666666666666
490,3562.6666666666665,327.0,701.3333333333334,15409.0
491,3555.3333333333335,319.0,703.6666666666666,15422.0
492,3540.6666666666665,334.6666666666667,691.0,15433.666666666666
493,3544.3333333333335,335.6666666666667,688.3333333333334,15431.666666666666
494,3540.6666666666665,343.0,686.6666666666666,15429.666666666666
495,3539.3333333333335,330.3333333333333,688.3333333333334,15442.0
496,3546.3333333333335,332.3333333333333,677.3333333333334,15444.0
497,3550.0,325.3333333333333,675.0,15449.666666666666
498,3545.6666666666665,315.3333333333333,681.3333333333334,15457.666666666666
499,3558.6666666666665,301.6666666666667,675.0,15464.666666666666
500,3568.0,303.3333333333333,679.6666666666666,15449.0
501,3575.3333333333335,300.0,686.6666666666666,15438.0
502,3584.6666666666665,302.6666666666667,669.6666666666666,15443.0
503,3578.0,313.6666666666667,654.3333333333334,15454.0
504,3577.3333333333335,320.3333333333333,662.0,15440.333333333334
505,3573.0,324.3333333333333,663.0,15439.666666666666
506,3573.0,339.0,654.3333333333334,15433.666666666666
507,3590.0,327.0,656.6666666666666,15426.333333333334
508,3581.3333333333335,333.6666666666667,656.0,15429.0
509,3574.3333333333335,322.3333333333333,663.0,15440.333333333334
510,3575.3333333333335,322.6666666666667,663.3333333333334,15438.666666666666
511,3582.3333333333335,313.3333333333333,654.3333333333334,15450.0
512,3593.6666666666665,317.0,647.6666666666666,15441.666666666666
513,3601.3333333333335,312.6666666666667,652.3333333333334,15433.666666666666
514,3609.6666666666665,306.6666666666667,640.0,15443.666666666666
515,3615.6666666666665,309.0,642.3333333333334,15433.0
516,3616.3333333333335,322.3333333333333,643.3333333333334,15418.0
517,3618.3333333333335,318.6666666666667,637.6666666666666,15425.333333333334
518,3611.6666666666665,324.3333333333333,637.3333333333334,15426.666666666666
519,3616.0,320.6666666666667,639.6666666666666,15423.666666666666
520,3621.6666666666665,321.3333333333333,639.6666666666666,15417.333333333334
521,3635.0,312.6666666666667,653.3333333333334,15399.0
522,3633.3333333333335,321.6666666666667,648.0,15397.0
523,3648.6666666666665,316.3333333333333,651.3333333333334,15383.666666666666
524,3665.0,308.3333333333333,642.0,15384.666666666666
525,3666.3333333333335,318.6666666666667,637.3333333333334,15377.666666666666
526,3676.3333333333335,322.3333333333333,629.0,15372.333333333334
527,3674.6666666666665,320.3333333333333,636.6666666666666,15368.333333333334
528,3670.0,325.3333333333333,645.0,15359.666666666666
529,3679.0,312.0,653.3333333333334,15355.666666666666
530,3678.0,317.0,644.0,15361.0
531,3687.0,319.6666666666667,638.0,15355.333333333334
532,3703.6666666666665,324.3333333333333,636.3333333333334,15335.666666666666
533,3710.0,317.0,638.0,15335.0
534,3715.3333333333335,316.3333333333333,642.0,15326.333333333334
535,3708.3333333333335,324.0,642.6666666666666,15325.0
536,3711.6666666666665,323.0,647.0,15318.333333333334
537,3721.6666666666665,329.6666666666667,635.0,15313.666666666666
538,3717.0,329.3333333333333,644.3333333333334,15309.333333333334
539,3726.3333333333335,327.0,651.3333333333334,15295.333333333334
540,3720.6666666666665,333.0,651.0,15295.333333333334
541,3725.3333333333335,304.0,666.0,15304.666666666666
542,3718.0,318.0,655.6666666666666,15308.333333333334
543,3723.6666666666665,316.6666666666667,663.6666666666666,15296.0
544,3714.6666666666665,327.3333333333333,663.3333333333334,15294.666666666666
545,3716.3333333333335,326.0,665.6666666666666,15292.0
546,3732.0,325.3333333333333,666.3333333333334,15276.333333333334
547,3744.3333333333335,321.6666666666667,669.3333333333334,15264.666666666666
548,3741.6666666666665,329.3333333333333,668.0,15261.0
549,3727.6666666666665,342.0,663.3333333333334,15267.0
550,3734.0,337.6666666666667,673.3333333333334,15255.0
551,3735.6666666666665,326.6666666666667,679.0,15258.666666666666
552,3737.0,323.3333333333333,686.3333333333334,15253.333333333334
553,3729.3333333333335,324.0,690.6666666666666,15256.0
554,3726.6666666666665,328.0,691.3333333333334,15254.0
555,3736.6666666666665,324.3333333333333,695.0,15244.0
556,3721.6666666666665,326.0,700.6666666666666,15251.666666666666
557,3718.3333333333335,334.6666666666667,698.0,15249.0
558,3717.3333333333335,345.6666666666667,691.6666666666666,15245.333333333334
559,3719.6666666666665,344.3333333333333,692.3333333333334,15243.666666666666
560,3718.0,345.6666666666667,695.6666666666666,15240.666666666666
561,3712.6666666666665,341.6666666666667,691.6666666666666,15254.0
562,3718.0,339.6666666666667,689.0,15253.333333333334
563,3720.3333333333335,334.6666666666667,697.3333333333334,15247.666666666666
564,3714.6666666666665,342.3333333333333,688.3333333333334,15254.666666666666
565,3729.3333333333335,339.0,691.0,15240.666666666666
566,3736.0,341.6666666666667,698.3333333333334,15224.0
567,3729.3333333333335,352.0,695.6666666666666,15223.0
568,3730.3333333333335,349.6666666666667,710.3333333333334,15209.666666666666
569,3723.0,365.0,706.0,15206.0
570,3719.0,363.0,715.6666666666666,15202.333333333334
571,3712.0,364.0,715.3333333333334,15208.666666666666
572,3720.0,358.3333333333333,724.3333333333334,15197.333333333334
573,3710.0,344.3333333333333,728.3333333333334,15217.333333333334
574,3693.0,355.3333333333333,720.0,15231.666666666666
575,3674.3333333333335,373.0,722.0,15230.666666666666
576,3673.3333333333335,370.6666666666667,720.3333333333334,15235.666666666666
577,3670.0,364.0,725.3333333333334,15240.666666666666
578,3663.3333333333335,376.3333333333333,723.6666666666666,15236.666666666666
579,3659.0,369.3333333333333,726.6666666666666,15245.0
580,3654.0,355.3333333333333,738.0,15252.666666666666
581,3661.0,352.3333333333333,731.6666666666666,15255.0
582,3658.0,355.0,724.0,15263.0
583,3669.0,341.6666666666667,731.6666666666666,15257.666666666666
584,3662.6666666666665,355.6666666666667,736.6666666666666,15245.0
585,3660.3333333333335,354.3333333333333,740.0,15245.333333333334
586,3657.6666666666665,363.6666666666667,728.0,15250.666666666666
587,3658.0,341.0,739.3333333333334,15261.666666666666
588,3663.3333333333335,343.0,737.6666666666666,15256.0
589,3648.3333333333335,359.6666666666667,737.0,15255.0
590,3649.6666666666665,371.0,724.6666666666666,15254.666666666666
591,3652.0,368.0,721.6666666666666,15258.333333333334
592,3645.3333333333335,363.0,724.0,15267.666666666666
593,3643.6666666666665,353.3333333333333,736.0,15267.0
594,3653.0,350.0,721.6666666666666,15275.333333333334
595,3653.6666666666665,353.0,725.0,15268.333333333334
596,3654.3333333333335,369.0,712.3333333333334,15264.333333333334
597,3662.0,354.0,725.6666666666666,15258.333333333334
598,3674.6666666666665,346.0,729.6666666666666,15249.666666666666
599,3677.0,344.6666666666667,728.3333333333334,15250.0
600,3684.0,344.3333333333333,729.3333333333334,15242.333333333334
601,3679.0,345.0,726.6666666666666,15249.333333333334
602,3669.6666666666665,358.0,719.6666666666666,15252.666666666666
603,3663.0,353.3333333333333,729.6666666666666,15254.0
604,3653.6666666666665,365.6666666666667,722.0,15258.666666666666
605,3654.6666666666665,352.6666666666667,723.6666666666666,15269.0
606,3664.3333333333335,348.6666666666667,706.6666666666666,15280.333333333334
607,3681.3333333333335,338.6666666666667,709.0,15271.0
608,3694.0,335.0,707.0,15264.0
609,3697.6666666666665,335.6666666666667,711.0,15255.666666666666
610,3692.3333333333335,342.3333333333333,703.6666666666666,15261.666666666666
611,3686.3333333333335,340.0,699.0,15274.666666666666
612,3683.6666666666665,335.6666666666667,700.0,15280.666666666666
613,3675.0,340.3333333333333,700.0,15284.666666666666
614,3665.0,354.3333333333333,694.3333333333334,15286.333333333334
615,3667.3333333333335,337.0,700.6666666666666,15295.0
616,3664.3333333333335,339.0,699.6666666666666,15297.0
617,3656.3333333333335,352.6666666666667,699.3333333333334,15291.666666666666
618,3652.3333333333335,354.0,712.0,15281.666666666666
619,3643.3333333333335,361.3333333333333,717.0,15278.333333333334
620,3644.6666666666665,352.3333333333333,734.3333333333334,15268.666666666666
621,3647.0,358.6666666666667,730.0,15264.333333333334
622,3650.0,347.6666666666667,738.0,15264.333333333334
623,3642.6666666666665,352.3333333333333,728.0,15277.0
624,3632.0,368.0,712.3333333333334,15287.666666666666
625,3630.3333333333335,373.0,722.3333333333334,15274.333333333334
626,3643.0,363.0,730.6666666666666,15263.333333333334
627,3646.6666666666665,370.6666666666667,733.0,15249.666666666666
628,3648.0,371.6666666666667,733.0,15247.333333333334
629,3649.3333333333335,366.3333333333333,743.0,15241.333333333334
630,3656.3333333333335,362.3333333333333,741.6666666666666,15239.666666666666
631,3649.6666666666665,363.3333333333333,738.0,15249.0
632,3644.0,372.3333333333333,736.0,15247.666666666666
633,3640.3333333333335,367.6666666666667,746.6666666666666,15245.333333333334
634,3629.3333333333335,368.3333333333333,747.0,15255.333333333334
635,3612.3333333333335,371.3333333333333,770.0,15246.333333333334
636,3612.0,358.3333333333333,779.0,15250.666666666666
637,3602.0,363.0,767.0,15268.0
638,3574.3333333333335,365.3333333333333,770.3333333333334,15290.0
639,3564.3333333333335,361.3333333333333,785.6666666666666,15288.666666666666
640,3549.3333333333335,370.3333333333333,767.0,15313.333333333334
641,3551.6666666666665,367.6666666666667,769.6666666666666,15311.0
642,3545.3333333333335,369.3333333333333,761.0,15324.333333333334
643,3540.6666666666665,362.6666666666667,763.3333333333334,15333.333333333334
644,3545.6666666666665,363.3333333333333,760.3333333333334,15330.666666666666
645,3544.3333333333335,358.0,760.0,15337.666666666666
646,3539.0,360.3333333333333,756.0,15344.666666666666
647,3544.3333333333335,346.0,770.6666666666666,15339.0
648,3529.6666666666665,358.3333333333333,762.6666666666666,15349.333333333334
649,3520.6666666666665,358.0,764.3333333333334,15357.0
650,3523.6666666666665,357.6666666666667,748.3333333333334,15370.333333333334
651,3506.3333333333335,371.6666666666667,740.3333333333334,15381.666666666666
652,3519.3333333333335,347.3333333333333,747.3333333333334,15386.0
653,3524.0,350.0,741.6666666666666,15384.333333333334
654,3539.6666666666665,342.6666666666667,732.0,15385.666666666666
655,3540.0,352.0,718.0,15390.0
656,3552.3333333333335,348.6666666666667,720.6666666666666,15378.333333333334
657,3563.0,328.0,728.0,15381.0
658,3555.3333333333335,326.3333333333333,735.0,15383.333333333334
659,3555.6666666666665,332.6666666666667,717.3333333333334,15394.333333333334
660,3543.3333333333335,343.0,713.3333333333334,15400.333333333334
661,3561.3333333333335,335.6666666666667,707.6666666666666,15395.333333333334
662,3561.6666666666665,332.3333333333333,707.0,15399.0
663,3556.0,344.0,698.3333333333334,15401.666666666666
664,3564.0,329.0,701.3333333333334,15405.666666666666
665,3562.6666666666665,330.6666666666667,706.3333333333334,15400.333333333334
666,3563.3333333333335,318.3333333333333,724.3333333333334,15394.0
667,3556.0,337.3333333333333,710.3333333333334,15396.333333333334
668,3568.0,324.3333333333333,704.3333333333334,15403.333333333334
669,3581.3333333333335,320.3333333333333,700.6666666666666,15397.666666666666
670,3574.3333333333335,326.6666666666667,701.0,15398.0
671,3565.0,334.3333333333333,688.6666666666666,15412.0
672,3588.6666666666665,329.3333333333333,692.0,15390.0
673,3578.3333333333335,334.0,674.6666666666666,15413.0
674,3577.6666666666665,324.3333333333333,685.3333333333334,15412.666666666666
675,3577.3333333333335,327.3333333333333,690.3333333333334,15405.0
676,3582.3333333333335,316.3333333333333,699.6666666666666,15401.666666666666
677,3578.3333333333335,312.0,698.3333333333334,15411.333333333334
678,3585.6666666666665,304.3333333333333,702.0,15408.0
679,3582.0,317.6666666666667,688.0,15412.333333333334
680,3596.3333333333335,306.6666666666667,687.3333333333334,15409.666666666666
681,3604.3333333333335,307.6666666666667,675.6666666666666,15412.333333333334
682,3617.6666666666665,318.3333333333333,663.6666666666666,15400.333333333334
683,3618.6666666666665,320.6666666666667,667.3333333333334,15393.333333333334
684,3616.3333333333335,332.6666666666667,666.0,15385.0
685,3611.6666666666665,329.0,677.0,15382.333333333334
686,3619.3333333333335,327.6666666666667,676.0,15377.0
687,3629.6666666666665,323.3333333333333,672.6666666666666,15374.333333333334
688,3631.0,315.3333333333333,675.0,15378.666666666666
689,3622.6666666666665,327.0,666.6666666666666,15383.666666666666
690,3636.3333333333335,321.6666666666667,672.0,15370.0
691,3637.0,331.0,679.3333333333334,15352.666666666666
692,3661.3333333333335,323.3333333333333,674.3333333333334,15341.0
693,3673.3333333333335,328.0,672.0,15326.666666666666
694,3688.3333333333335,334.3333333333333,658.3333333333334,15319.0
695,3697.3333333333335,332.0,647.6666666666666,15323.0
696,3717.6666666666665,319.0,648.3333333333334,15315.0
697,3707.3333333333335,322.6666666666667,636.0,15334.0
698,3718.6666666666665,321.0,647.0,15313.333333333334
699,3730.0,330.6666666666667,650.3333333333334,15289.0
700,3723.0,334.6666666666667,649.3333333333334,15293.0
701,3728.6666666666665,323.0,648.3333333333334,15300.0
702,3733.3333333333335,326.6666666666667,651.3333333333334,15288.666666666666
703,3735.3333333333335,326.0,654.3333333333334,15284.333333333334
704,3726.0,333.0,663.6666666666666,15277.333333333334
705,3717.0,342.0,665.3333333333334,15275.666666666666
706,3732.0,329.0,678.0,15261.0
707,3733.6666666666665,334.6666666666667,669.0,15262.666666666666
708,3733.3333333333335,338.0,671.0,15257.666666666666
709,3722.3333333333335,345.6666666666667,682.6666666666666,15249.333333333334
710,3719.6666666666665,341.3333333333333,680.6666666666666,15258.333333333334
711,3704.6666666666665,338.6666666666667,693.0,15263.666666666666
712,3705.0,338.6666666666667,697.6666666666666,15258.666666666666
713,3702.3333333333335,345.3333333333333,703.6666666666666,15248.666666666666
714,3700.0,351.6666666666667,704.0,15244.333333333334
715,3703.6666666666665,350.0,706.6666666666666,15239.666666666666
716,3701.6666666666665,349.0,707.3333333333334,15242.0
717,3696.0,363.0,707.3333333333334,15233.666666666666
718,3690.3333333333335,360.0,703.6666666666666,15246.0
719,3682.6666666666665,353.3333333333333,714.3333333333334,15249.666666666666
720,3668.6666666666665,368.0,707.6666666666666,15255.666666666666
721,3661.6666666666665,366.3333333333333,721.6666666666666,15250.333333333334
722,3638.6666666666665,382.6666666666667,734.3333333333334,15244.333333333334
723,3638.3333333333335,383.6666666666667,738.0,15240.0
724,3636.0,387.3333333333333,733.0,15243.666666666666
725,3623.3333333333335,382.3333333333333,747.6666666666666,15246.666666666666
726,3622.6666666666665,373.6666666666667,749.3333333333334,15254.333333333334
727,3613.0,361.3333333333333,754.6666666666666,15271.0
728,3601.3333333333335,358.0,751.6666666666666,15289.0
729,3586.6666666666665,365.0,736.6666666666666,15311.666666666666
730,3580.3333333333335,355.3333333333333,746.3333333333334,15318.0
